{
    "mean": [
        357.7672029992908,
        634.0545229745627,
        383.6157475862798,
        713.3602562979694
    ],
    "std": [
        473.5800944806853,
        504.55207003869134,
        145.25055001525834,
        281.31261042391014
    ]
}