{
    "mean": {
        "bright": 2594.4569448176235,
        "fluo": 591.4826011138365
    },
    "std": {
        "bright": 965.2962606356183,
        "fluo": 484.7854817940192
    }
}