{
    "mean": {
        "bright": 713.3602562979694,
        "fluo": 458.4791578533778
    },
    "std": {
        "bright": 281.31261042391014,
        "fluo": 428.50244820630434
    }
}