{
    "mean": [
        285.6131782238343,
        1218.2256837267291,
        319.3102614794406,
        524.9695709548554
    ],
    "std": [
        377.60877219857116,
        989.1125253301851,
        125.05285389147309,
        227.14848523958307
    ]
}