{
    "mean": {
        "bright": 524.9695709548554,
        "fluo": 607.716374476668
    },
    "std": {
        "bright": 227.14848523958307,
        "fluo": 755.5143543081327
    }
}