{
    "mean": [
        412.0724912608789,
        699.6304481244428,
        662.7448639561879,
        2594.4569448176235
    ],
    "std": [
        515.2803765283752,
        568.9723270180077,
        252.06668406835442,
        965.2962606356183
    ]
}